model,architecture,2d_or_3d,segmentation_focus,instance_separation,vertebra_labeling,pretrained_weights,compute_requirements,training_complexity,inference_speed,published_performance_verse,reproducibility,documentation_quality,community_adoption,advantages,limitations,project_suitability,source
3D U-Net,Encoder-decoder volumetric,3D,Yes (multi-class),Possible (post-processing),No (direct),Limited,Moderate (2-8GB GPU memory),Low-moderate,Fast (~30s/volume),Dice 0.90-0.92,High (published),High (well-documented),High (foundational),Mature; interpretable; good baseline; moderate compute,Fixed architecture; requires tuning; less long-range context,High - good starting baseline,iek et al. (2016)
V-Net,Residual 3D volumetric,3D,Yes (multi-class),Possible (post-processing),No (direct),Limited,Moderate (3-8GB GPU),Low-moderate,Fast (~30s/volume),Dice 0.89-0.91,High (published),High,Medium-High,3D convolution foundation; volumetric dice loss; residual connections,Older architecture; superseded by U-Net variants,Medium-High - foundational; not state-of-the-art,Milletari et al. (2016)
nnU-Net,Self-configuring 3D U-Net,3D,Yes (multi-class),Yes (automatic),No (direct),Yes (2D/3D pretrained),Automatic (data-dependent),Low (fully automatic configuration),Moderate (~40-60s/volume),Dice 0.93-0.94,Very high (published; reproducible),Very high (extensive),Very high (de facto standard),Self-configuring (no tuning); SOTA performance; reproducible; strong baselines,Less interpretable (auto-config); requires nnU-Net software; less customizable,Very High - recommended reference standard,Isensee et al. (2019)
Attention U-Net,U-Net with attention gates,2D/3D,Yes (multi-class),Possible,No (direct),Limited,Moderate,Low-moderate,Moderate,Dice 0.88-0.92 (architecture variant dependent),High,High,Medium-High,Attention gates improve precision; interpretable attention,2D variant limited for 3D; adds computational cost,Medium - useful for interpretability studies,Oktay et al. (2018)
UNETR,Transformer encoder + CNN decoder,3D,Yes (multi-class),Possible,No (direct),Yes (ImageNet-pretrained encoder possible),High (6-12GB+ GPU),Moderate-high,Moderate-slow (~60-90s/volume),Dice 0.92-0.94,High (published),Medium-high,Medium-growing,Long-range context via attention; interpretable attention weights; competitive SOTA,GPU memory intensive; slower inference; more training time,Medium-High - good for interpretability; competitive performance,Hatamizadeh et al. (2022)
Swin UNETR,Swin transformer + CNN decoder,3D,Yes (multi-class),Possible,No (direct),Yes (ImageNet-pretrained backbone),High (8-12GB+ GPU),Moderate-high,Moderate (~40-60s/volume),Dice 0.92-0.94,High (published),High,Medium-growing,Window-based attention (more efficient); SOTA performance; MONAI-integrated,Slightly more complex; requires Swin transformer knowledge,High - recommended if transformer desired + efficiency matters,Hatamizadeh et al. (2022)
ResUNet,U-Net with residual connections,3D,Yes (multi-class),Possible,No (direct),Limited,Moderate,Low,Fast,Dice 0.88-0.91,High,Medium-high,Medium,Residual connections improve gradient flow; good stability,Less common than U-Net; moderate improvement,Medium - viable alternative; not preferred over U-Net,Various implementations
FCN (Fully Convolutional),Dense 3D/2D convolution,2D or 3D,Yes (multi-class),Possible,No (direct),Limited,Moderate (2D) to high (3D),Low,Very fast (2D) to moderate (3D),Dice 0.85-0.90 (varies),High,High,Medium,Simple; fast inference,Limited context window; less sophisticated,Low-Medium - foundational but superseded,Ronneberger et al. (2015)
TotalSegmentator,Specialized nnU-Net (multi-organ),3D,Yes (104 organ classes),Possible,No (direct),Yes (pretrained on TotalSegmentator dataset),Moderate (similar to nnU-Net),Low (uses nnU-Net),Moderate,Dice 0.90+ spine (organ-level; not per-vertebra),Very high (published; reproducible),Very high,High-growing,Pretrained multi-organ model; transfer learning ready; large dataset,Organ-level not vertebra-level; requires adaptation for vertebra tasks,Medium - good for transfer learning; not suitable as primary vertebra model,Wasserthal et al. (2023)
Custom PyTorch CNN,Custom architecture design,3D,Yes (configurable),Yes (configurable),Yes (configurable),Varies,Varies,High (requires expertise),Varies,Dice 0.88-0.93 (if well-designed),Low-medium (depends on documentation),Low-medium (depends on team),Low (institution-specific),Full customization; research flexibility; can optimize for specific constraints,High implementation burden; reproducibility challenges; requires deep expertise; often lower SOTA than standard models,Low - not recommended unless specific custom requirements,Research institution-dependent
SegAN (Generative),GAN-based segmentation,2D,Yes,Possible,No (direct),Limited,High (GAN training),High (unstable GAN training),Slow (multiple network passes),Dice 0.85-0.90 (varies; often lower than standard),Medium,Medium,Low,Novel approach; potential to learn robust features,Unstable training; GAN-specific challenges; not proven superior,Low - emerging research; not practical for baseline,Research papers (various)
DeepLab,Atrous convolution + CRF,2D,Yes,Possible,No (direct),Yes (ImageNet pretrained),Moderate,Moderate,Fast,Dice 0.83-0.88 (2D; suboptimal for 3D),High,High,Medium (computer vision adoption),Good for dense prediction; interpretable receptive field,2D architecture limits 3D; not optimized for medical imaging; CRF adds post-processing,Low-Medium - possible but not recommended; 2D limitation significant,Chen et al. (2018)
Mask R-CNN,Instance segmentation detector,2D/3D,Possible (via instance masks),Yes (instance-level),Yes (possible with classification head),Yes (COCO pretrained),High (two-stage detection),Moderate-high,Slow (detection + segmentation),Dice 0.80-0.88 (if adapted; often suboptimal for dense segmentation),Medium,Medium,High (computer vision adoption),Instance-level segmentation natural; good for instance separation; transfer learning available,Slower than dense segmentation; detection paradigm less suited to dense tasks; overkill for pixel-level segmentation,Low-Medium - viable for instance-focused approach; not standard for dense segmentation,Mask R-CNN implementations
Cascaded networks (2-stage),Coarse localizer + fine refiner,3D,Yes (multi-class),Yes (multi-stage),Possible,Limited,Moderate-high (2x training cost),Moderate (requires 2 networks),Moderate (2x slower),Dice 0.90-0.93,High (published),High,Medium,Coarse-then-fine approach natural; can reduce false positives; interpretable pipeline,More complex; 2x training; requires careful interface design,Medium - viable for improving accuracy; adds complexity,Various published papers
HoVer-Net derivative (Nuclei),Segmentation + instance detection,2D,Yes,Yes (explicit instance heads),No (direct),Limited,Moderate,Moderate,Moderate,Not tested on VerSe (nuclei-specific),Medium,Medium,Low (nuclei imaging focus),Explicit instance + segmentation loss; good for instance separation,Designed for nuclei; may require adaptation for vertebra,Low - specialized for histology; not practical for CT vertebra,Graham et al. (2019)
Hybrid method (Atlas + CNN),Template-based + learning,3D,Yes,Yes (template-based ordering),Yes (atlas-defined),Limited,Moderate,Moderate (requires atlas + CNN),Moderate,Dice 0.89-0.92,Medium,Medium,Low (institution-specific),Incorporates anatomical prior; robust to variation,Requires high-quality atlas; hybrid pipeline complexity; less end-to-end learning,Low-Medium - useful for anatomical robustness; adds complexity,Forsberg et al. (2014)
Multi-task (Seg + Class + Detect),Shared encoder + multi-decoder,3D,Yes (segmentation branch),Possible,Yes (classification branch),Limited,High (3x decoder complexity),High (multi-task tuning),Moderate-high,Dice 0.92-0.94 (with joint optimization),Medium,Medium-low,Medium-low (emerging approach),Joint optimization; single model for segmentation + labeling; more data-efficient,Complex design; multi-task interference risk; requires careful loss weighting,High - excellent for simultaneous segmentation + labeling; advanced approach,Levin et al. (2022)
DiNTS (Differentiable NAS),Neural architecture search (learned),3D,Yes (automl search),Possible,No (direct),Limited,High (NAS search expensive),High (NAS complexity),Variable,Dice 0.91-0.93 (dataset-dependent),Low (depends on NAS seed),Low,Low,Automatic architecture search; potentially optimal for dataset,Very expensive to run; non-reproducible (NAS stochastic); overkill for standard task,Low - research only; not practical for baseline,Weng et al. (2021)
Medical Net (3D ResNet),3D residual network,3D,Yes (multi-class),Possible,No (direct),Yes (Medical ImageNet pretrained),Moderate-high,Low-moderate,Moderate,Dice 0.89-0.92,High,Medium-high,Medium (growing adoption),Strong pretraining on medical data; could improve transfer,3D ResNet generally less suited than U-Net for segmentation; less commonly adopted,Medium - viable; but U-Net/nnU-Net preferred,Pmlr et al. (2020)
SwiftFormer derivative,Efficient transformer,3D,Possible,Possible,No (direct),Yes (ImageNet pretrained),Moderate,Moderate,Fast,Not tested on VerSe (medical); likely Dice 0.90-0.93 (estimated),Low (not evaluated on medical),Medium,Low (NLP/vision focus),Efficient architecture; faster than standard transformers,Not tested on medical imaging; unknown generalization,Low - emerging in general CV; not yet medical-validated,Jiang et al. (2023)
