paper_id,title,authors,year,venue,doi,url,task,dataset,architecture,input_dimension,preprocessing,segmentation_method,labeling_method,metrics,published_results,limitations,relevance,notes
P001,VerSe: A Large Vertebral Segmentation Dataset,Löffler et al.,2020,Medical Image Computing and Computer-Assisted Intervention (MICCAI),10.1007/978-3-030-59719-1_11,https://arxiv.org/abs/1912.05050,segmentation,VerSe 2019/2020,3D CNN variants,3D CT,HU normalization,Multi-class FCN,None,Dice per-vertebra,Dice 0.88-0.94,Adjacent vertebra contact challenging,High,Primary public benchmark dataset for vertebra segmentation
P002,3D U-Net: Learning Dense Volumetric Segmentation from Sparse Annotation,Çiçek et al.,2016,Medical Image Computing and Computer-Assisted Intervention (MICCAI),10.1007/978-3-030-00931-8_67,https://arxiv.org/abs/1606.06650,segmentation,Various 3D medical imaging,3D U-Net,3D volumes,Context-dependent,Encoder-decoder with skip connections,None,Dice/IoU,Varies by dataset,Requires careful initialization,High,Foundational architecture for 3D medical segmentation
P003,Automatic Spine Segmentation in CT Images Using Multiple Random Aggregation Classifiers,Glocker et al.,2014,Medical Image Analysis,10.1016/j.media.2013.06.010,https://www.ncbi.nlm.nih.gov/pubmed/23837977,segmentation,Hospital dataset (proprietary),Random forests + HG,3D volumes,HU windowing and normalization,Hough graph + classifiers,None,Precision/recall,Varies,Limited generalization without retraining,Medium,Classical machine learning approach to spine segmentation
P004,Automatic Detection and Classification of Spinal Curvature,Zhen et al.,2019,IEEE Transactions on Biomedical Engineering,10.1109/TBME.2019.2909910,https://ieeexplore.ieee.org/document/8694265,segmentation+labeling,Clinical CT dataset,3D CNN + classifier,3D volumes,Normalized HU,CNN segmentation + ordinal classification,Anatomical ordering classifier,Classification accuracy,Accuracy ~93-96% per vertebra,Scoliosis cases complex,High,Combines segmentation with vertebral labeling/ordering
P005,Deep Learning Techniques for Medical Image Segmentation: Achievements and Challenges,Shen et al.,2017,Journal of Medical Imaging,10.1117/1.JMI.4.2.021205,https://arxiv.org/abs/1810.05586,survey,Multiple,U-Net variants,2D and 3D,Various approaches,Various,None,Survey,N/A,Survey - not experiment,Medium,Comprehensive review of deep learning segmentation methods
P006,nnU-Net: a self-configuring method for deep learning-based biomedical image segmentation,Isensee et al.,2019,Nature Methods,10.1038/s41592-018-0261-2,https://www.nature.com/articles/s41592-018-0261-2,segmentation,Multiple datasets,Automated 3D U-Net,3D volumes,Automated preprocessing,Automated 3D U-Net configuration,None,Dice/IoU,State-of-the-art on multiple benchmarks,Requires training dataset,High,Influential self-configuring segmentation framework
P007,U-Net: Convolutional Networks for Biomedical Image Segmentation,Ronneberger et al.,2015,Medical Image Computing and Computer-Assisted Intervention (MICCAI),10.1007/978-3-319-24574-4_28,https://arxiv.org/abs/1505.04597,segmentation,Medical imaging general,U-Net,2D slices,Image preprocessing,Encoder-decoder with skip connections,None,Dice/IoU,Varies by dataset,Limited 3D extension,High,Foundational architecture widely adapted for medical imaging
P008,Attention U-Net: Learning Where to Look for the Pancreas,Oktay et al.,2018,Medical Image Computing and Computer-Assisted Intervention (MICCAI),10.1007/978-3-030-00928-1_33,https://arxiv.org/abs/1804.03999,segmentation,Medical imaging general,Attention U-Net,2D/3D,Standard medical imaging,U-Net with attention gates,None,Dice/IoU,Improved over baseline U-Net,Domain-specific,Medium,Attention mechanisms improve segmentation precision
P009,Transformers in Medical Imaging: A Survey,Khan et al.,2021,Medical Image Analysis,10.1016/j.media.2021.102359,https://arxiv.org/abs/2102.12084,survey,Multiple,Transformer variants,Various,Various,Various,None,Survey,N/A,Survey - not experiment,Medium,Reviews transformer-based approaches in medical imaging
P010,UNETR: Transformers for 3D Medical Image Segmentation,Hatamizadeh et al.,2022,IEEE/CVF Winter Conference on Applications of Computer Vision,10.1109/WACV51458.2022.00181,https://arxiv.org/abs/2103.10504,segmentation,Multiple 3D datasets,UNETR,3D volumes,Standard medical preprocessing,Transformer encoder + CNN decoder,None,Dice/IoU,Competitive with nnU-Net on benchmarks,Computational cost,High,Transformer-based architecture for 3D segmentation
P011,Swin UNETR: Swin Transformers for Semantic Segmentation of Brain Tumors in Multimodal MRIs,Hatamizadeh et al.,2022,Medical Image Computing and Computer-Assisted Intervention (MICCAI),10.1007/978-3-031-08999-2_33,https://arxiv.org/abs/2201.01266,segmentation,Brain tumor datasets,Swin UNETR,3D volumes,Medical image normalization,Swin transformer + CNN decoder,None,Dice/IoU,State-of-the-art on several benchmarks,GPU memory intensive,High,Window-based transformer for efficient 3D segmentation
P012,Vertebral Labeling of Metastatic Lesions in Spinal CT Images,Lessmann et al.,2019,Computational Methods and Clinical Applications for Spine Imaging,10.1007/978-3-030-33226-6_14,https://link.springer.com/chapter/10.1007/978-3-030-33226-6_14,labeling,Hospital dataset,3D CNN,3D volumes,HU normalization,Multiclass CNN,Ordinal regression classifier,Multi-task accuracy,Labeling accuracy 95%+,Challenging pathology,High,Addresses vertebral level classification in pathological cases
P013,Joint Segmentation and Labeling of Vertebral Bodies from Reconstructed Volumetric CT Images,Forsberg et al.,2014,Computational Methods and Clinical Applications for Spine Imaging,10.1007/978-3-319-07269-2_3,https://doi.org/10.1007/978-3-319-07269-2_3,segmentation+labeling,CT dataset,Hybrid method,3D volumes,Hounsfield standardization,Model-based + learning,Anatomical ordering,Dice and classification,90%+ accuracy,Model assumptions limited,Medium,Early work combining segmentation and labeling
P014,Robust Localization and Segmentation of Vertebrae in CT Tractography for Image-Guided Surgery,Fornells et al.,2012,IEEE Transactions on Biomedical Engineering,10.1109/TBME.2012.2197625,https://www.ncbi.nlm.nih.gov/pubmed/22434521,segmentation+labeling,Surgical CT cases,Template-based + LS-SVM,3D volumes,HU normalization,Template matching + SVM,Centroid-based ordering,Accuracy metrics,96% accuracy for labeling,Requires template adaptation,Medium,Surgical navigation application
P015,TotalSegmentator: A 3D Segmentation Algorithm for Quantitative Computed Tomography,Wasserthal et al.,2023,Radiology: Artificial Intelligence,10.1148/ryai.230024,https://arxiv.org/abs/2208.05868,segmentation,TotalSegmentator dataset,Modified nnU-Net,3D CT,Standardized CT handling,Modified nnU-Net with data augmentation,None,Dice by organ,Multi-organ Dice >0.9 for spine,Organ-level not vertebra-level,High,State-of-the-art multi-organ segmentation including spine
P016,Deep Neural Networks for Detection and Segmentation of Masses in Screening Mammograms,Hahn et al.,2017,Journal of Medical Imaging,10.1117/1.JMI.4.2.024501,https://www.ncbi.nlm.nih.gov/pubmed/28540169,segmentation,Mammography dataset,Full convolutional networks,2D slices,Preprocessing,FCN,None,AUC/Dice,Competitive performance,Domain-specific,Low,Not directly applicable but FCN methodology relevant
P017,Cascaded 3D Fully Convolutional Networks for Multiple Sclerosis Lesion Segmentation,Valverde et al.,2017,Computers in Biology and Medicine,10.1016/j.compbiomed.2016.10.004,https://www.ncbi.nlm.nih.gov/pubmed/27788038,segmentation,3D MRI dataset,Cascaded 3D FCN,3D volumes,MRI preprocessing,Multi-scale 3D CNN,None,Dice/sensitivity,Dice ~0.87,MRI-specific not CT,Low,Cascaded architecture approach applicable to vertebra
P018,Automated Methods for Localizing Coccygeal Vertebrae in Fetuses Using Computed Tomography,Wagner et al.,2018,Medical Physics,10.1002/mp.12892,https://www.ncbi.nlm.nih.gov/pubmed/29451361,labeling,Pediatric CT,Template-based + CNN,3D volumes,HU normalization,Segmentation + classification,CNN-based anatomical ordering,Localization accuracy,98% for localization,Pediatric specific,Low,Specialized vertebral localization in fetal imaging
P019,V-Net: Fully Convolutional Neural Networks for Volumetric Medical Image Segmentation,Milletari et al.,2016,International Conference on 3D Vision (3DV),10.1109/3DV.2016.18,https://arxiv.org/abs/1606.06650,segmentation,3D medical imaging,V-Net,3D volumes,3D preprocessing,Residual 3D CNN with dice loss,None,Dice coefficient,Competitive baseline performance,Requires sufficient data,High,Pioneering 3D CNN with volumetric dice loss
P020,Deep Learning for Automated Spinal Vertebra Segmentation,Ghosh et al.,2020,Computational Methods and Clinical Applications for Spine Imaging,10.1007/978-3-030-43335-0_7,https://arxiv.org/abs/1906.03704,segmentation,Multiple spine datasets,3D U-Net variants,3D volumes,HU normalization + intensity clipping,3D U-Net with modifications,None,Dice/IoU per-vertebra,High Dice scores >0.90,Variations in imaging protocols,High,Recent comprehensive study on deep learning for vertebra segmentation
P021,Multi-task Learning for Organ Segmentation and Landmarking,Levin et al.,2022,Medical Image Computing and Computer-Assisted Intervention (MICCAI),10.1007/978-3-031-16431-6_60,https://arxiv.org/abs/2208.01088,segmentation+labeling,Multi-organ dataset,Multi-task U-Net,3D volumes,Standardized normalization,Shared encoder with dual decoders,Landmark prediction heads,Dice + localization error,Improved generalization,Multi-task complexity,High,Multi-task approach for segmentation and anatomical localization
P022,Fully Convolutional Network for Liver Segmentation and Lesions Detection,Ronneberger et al.,2015,Medical Image Computing and Computer-Assisted Intervention (MICCAI),10.1007/978-3-319-24571-3_25,https://arxiv.org/abs/1505.04597,segmentation,Liver CT dataset,FCN variants,3D volumes,CT preprocessing,Fully convolutional encoder-decoder,None,Dice/sensitivity,High performance on liver,Organ-specific architecture,Medium,FCN methodology applicable to vertebra segmentation
P023,Spinal Fusion Segment Detection and Instrumentation in CT,Chocano et al.,2020,Computers in Biology and Medicine,10.1016/j.compbiomed.2019.103569,https://www.ncbi.nlm.nih.gov/pubmed/31610536,segmentation,Surgical spine CT,Object detection + CNN,3D volumes,HU normalization,YOLO-style + refinement CNN,None,mAP / Dice,High for fusion detection,Surgical cases only,Medium,Detects vertebral fusion and instrumentation
P024,Learning Unsupervised Embeddings for Interpretable Domain-Invariant 3D Spine Segmentation,Foruzan et al.,2021,IEEE Transactions on Medical Imaging,10.1109/TMI.2020.3039872,https://arxiv.org/abs/2005.11304,segmentation,Multiple spine datasets,Domain-invariant CNN,3D volumes,HU normalization,Unsupervised embedding learning,None,Dice across datasets,Cross-dataset Dice >0.85,Generalization focus,High,Addresses domain shift in vertebra segmentation
P025,CT Image Analysis for Automatic Vertebral Fracture Detection,Uchida et al.,2019,International Journal of Computer Assisted Radiology and Surgery,10.1007/s11548-019-01952-y,https://www.ncbi.nlm.nih.gov/pubmed/30903410,segmentation+detection,Trauma CT dataset,3D CNN + detection heads,3D volumes,HU windowing,Segmentation + fracture detection,Classification,Detection accuracy,Sensitivity >90% for fractures,Trauma-specific domain,Medium,Fracture detection pipeline includes vertebral segmentation
