opportunity_id,opportunity_name,clinical_problem,existing_competitor_solutions,technical_challenge,research_opportunity,project_1_contribution,estimated_difficulty,potential_impact,why_important,evidence_base,next_steps
OPP_001,Accelerated Surgical Planning,Manual vertebra identification is time-consuming in surgical planning,Manual segmentation or crude auto-segmentation,Robust automated vertebral segmentation + anatomical labeling in complex anatomy,Develop deep learning model for automated vertebra segmentation and C/T/L labeling,Fully automatic segmentation/labeling pipeline as drop-in planning module,Medium,High,Reduces surgeon planning time 30-60min; increases case volume,ExcelsiusGPS does limited auto-planning; surgeon feedback indicates planning bottleneck,Integrate segmentation output into planning software; validate with surgeon feedback
OPP_002,Pathological Anatomy Robustness,Current guidance systems fail or degrade significantly with severe degeneration/scoliosis/prior instrumentation,Fluoroscopy verification + manual adjustment; limited guidance accuracy in pathological cases,Robust deep learning under anatomical variations (scoliosis; severe degeneration; fusion; transitional vertebrae),Train models on pathological subset; develop domain adaptation for degenerative cases,Pathology-aware segmentation model with validated performance on fractures/degenerations,High,Very High,Expands surgical indication from 60% to 80%+ of spine cases,Clinical feedback from surgeons; published limitations in navigation literature,Annotate pathological cohort from VerSe/CTSpine1K; train separate model; cross-validate
OPP_003,Real-time Intraoperative Adaptation,Patient actual position differs from preoperative plan; current systems rely on pre-registration with no dynamic updating,Fluoroscopy check-in at waypoints; manual trajectory adjustment; no real-time model-based adaptation,Fast intraoperative segmentation from fluoroscopy/cone-beam CT to detect shift,Enable intraoperative segmentation pipeline for real-time plan refinement,Lightweight model optimized for intraoperative imaging (fluoroscopy; cone-beam CT) for dynamic guidance updates,High,High,Reduces intraoperative trajectory corrections; improves safety margin,Brainlab iCT feature shows value but hardware-expensive; intraoperative re-registration is known challenge,Develop lightweight model for fluoroscopy; validate inference speed <2 sec
OPP_004,Instrument-Specific Trajectory Planning,Different surgical approaches (minimally invasive vs open vs percutaneous) have different instrument requirements and anatomy constraints,Pre-planned rigid trajectories; one guidance model for all approaches,Instrument-aware segmentation modeling; anatomically-constrained trajectory recommendations,Develop segmentation models that output instrument-specific constraint maps,Multi-task segmentation with instrument-specific trajectory feasibility scoring,Medium,High,Reduces instrument collision risk; improves minimal invasion feasibility,Minimally invasive spine surgery complication rates 5-10% with navigation; instrument conflicts known issue,Develop multi-task model; create instrument-specific training sets from surgical videos
OPP_005,Cross-Imaging Robustness,Many surgical practices use older/lower-cost imaging (2D X-ray; low-dose CT; portable CT); current systems require high-quality imaging,Limited guidance on degraded imaging; systems optimized for diagnostic-quality scans,Domain adaptation to handle imaging variability; low-dose and limited-angle CT reconstruction,Train robust models on artificially degraded imaging; evaluate cross-domain transfer,Domain-adapted segmentation model validated on low-dose CT; portable CT; multi-protocol imaging,Medium,Medium,Expands addressable market to smaller surgical centers; enables mobile surgical units,Published work shows domain shift is major limitation; low-dose CT is growing trend in OR,Implement domain randomization; validate on low-dose dataset
OPP_006,Transatlantic Workflow Standardization,Different countries/hospitals have different protocols/anatomies; no standardized workflow,Region-specific manual approaches; limited surgical knowledge transfer,Develop multi-site multi-protocol segmentation model; evaluate cross-site performance,Train model on multi-center data; publish protocol standardization findings,Validated multi-site segmentation model enabling workflow standardization,Medium,Medium,Enables international surgical collaboration; reduces training burden,Regulatory differences and anatomical variations create workflow fragmentation; standardization reduces errors,Establish multi-site validation cohort; publish protocol paper
OPP_007,Automated Complication Prediction,Difficult anatomy (severe degeneration; scoliosis; anomalies) requires experienced surgeons; complication risk not predicted pre-operatively,Surgeon expertise-dependent risk assessment; no automated prediction,Develop anatomical complexity classifier predicting procedure risk and requiring experienced surgeon assignment,Build model to predict case difficulty/complication risk from preoperative segmentation,Anatomy-based surgical complexity prediction tool guiding case assignment,Medium,Medium,Reduces complication rate in complex cases by assigning experienced surgeon; improves efficiency,Complication rate literature: 2-5% without navigation; higher in difficult anatomy,Develop complexity classifier; validate against complication outcomes
OPP_008,Metastatic Spine Treatment Planning,Tumor detection and treatment planning for spinal metastases requires multi-step segmentation,Manual tumor identification; separate tumor/bone segmentation; limited treatment planning automation,Develop joint vertebra + tumor segmentation model; output surgical plan with radiation/ablation targets,Create multi-task model for vertebra + lesion segmentation with treatment planning outputs,Tumor-aware vertebral segmentation enabling integrated oncologic surgical planning,High,Medium,Enables fully automated treatment planning for spine metastases,ASCO guidelines recommend navigation for complex tumor cases; market opportunity,Develop tumor annotation set; train multi-task model; validate treatment plan quality
OPP_009,Pediatric Spine Surgery Guidance,Pediatric anatomy is smaller/more variable; standard adult systems poorly calibrated; growing minimally invasive pediatric spine surgery,Adult-focused navigation systems; pediatric adaptations limited,Develop pediatric-specific segmentation model accounting for growth variation and smaller anatomy,Train on pediatric CTSpine1K subset; evaluate performance on pediatric anatomy,Pediatric-tuned segmentation model enabling safe navigation in children,High,Medium,Emerging pediatric minimally invasive spine market; safety critical,Pediatric spine complication rates higher than adults partly due to navigation limitations,Acquire pediatric dataset; train pediatric model
OPP_010,Post-Instrumentation Segmentation,Prior spine surgery with implants creates imaging artifacts; re-operation guidance is challenging,Metal artifact reduction algorithms; limited segmentation around metal; often manual re-planning,Develop segmentation model robust to metal artifacts; enable re-operation planning,Train on metal-artifact-rich imaging; evaluate on post-fusion and instrumented cases,Metal-robust segmentation model enabling re-operative guidance,High,High,Re-operative spine surgery is growing market; safety-critical navigation need,Metal artifacts are known limitation in navigation; re-op complication risk,Develop metal-robust model; validate on instrumented cohort
